Participant ID,Condition,Reversals,Reversal rate,Session Length (min:sec)
001,A,20,15.633317119073464,1:16
001,B,19,16.263177973128915,1:10
001,C,8,8.209742611383867,0:58
